{"cameraMode":{"drawMode":0,"name":"Shaded","section":"Shading Mode"},"sceneLighting":true,"audioPlay":false,"sceneViewState":{"showFog":true,"showMaterialUpdate":false,"showSkybox":true,"showFlares":true,"showImageEffects":true,"showParticleSystems":true},"in2DMode":false,"pivot":{"x":-0.429602712392807,"y":1.1188164949417115,"z":-0.5578495264053345},"rotation":{"x":0.24916696548461915,"y":0.11011801660060883,"z":-0.028528116643428804,"w":0.9617598652839661},"size":1.6554853916168213,"orthographic":false}